default,Identifier,Remarks,Filter,eng enc ena enz eni ens enj enb enl ent enw,cs,da,de,el,eo,es,esm esn esg esc esa esd esv eso esr ess esf esl esy esz esb ese esh esi esu,fi,fr,hr,hu,it,jp,ko,nl,no nb,pl,pt,ptg,ro,ru,sr,sv,tr
I'll help you if you help me. Five pieces of gold and I'll tell all I know.,TXT_DLG_SCRIPT02_D0_ILLHE,MAP02: Guy next to Norwall Prison.,,,"Pomůžu ti, když pomůžeš ty mě. Pět zlaťáků a řeknu ti vše, co vím.","Jeg vil hjælpe dig, hvis du hjælper mig. Fem guldmønter, og jeg fortæller alt, hvad jeg ved.",Ich helfe dir wenn du mir hilfst. Fünf Goldstücke und ich erzähle alles was ich weiß.,,"Mi helpos vin se vi helpos min. Donu kvin da oro kaj mi rakontos tion, kion mi scias.",Te ayudo si me ayudas. Cinco monedas de oro y te cuento lo que sé.,,"Autan sinua, jos autat minua. Viidestä kultakolikosta kerron kaiken, minkä tiedän.","Tu m'aide, je t'aide. Cinq pièces et je te dis ce que je sais.",,"Segítek, ha segítesz. 5 arany és mindent elmondok, amit tudok.",Ti aiuterò se tu aiuti me. Cinque pezzi d'oro e ti dirò tutto quello che so.,"助けてくれるなら援助する。
"Be stealthy when you kill, you won't set off alarms.",TXT_RYES0_SCRIPT02_D0_BESTE,"〃
(This text is only four seconds on screen)",,,"Když zabíjíš, dělej to potichu - nespustíš tak poplach.","Vær snigende når du dræber, så du ikke udløser alarmer.","Sei leise, wenn du jemanden tötest, damit du keinen Alarm auslöst.",,"Mortigu silente por
"Well, I won't be telling you anything for free!",TXT_RNO0_SCRIPT02_D0_WELLI,"〃
(Four seconds)",,,Zadarmo ti nic říkat nebudu!,Jeg vil ikke fortælle dig noget gratis!,"Na ja, für umsonst werde ich dir nichts erzählen!",,"Nu, mi ne parolos senpage!","Bueno, ¡no te diré
"Well, poison bolts can kill the guards instantly and won't set off the alarms.",TXT_RYES0_SCRIPT02_D1516_WELLP,"〃
(Four seconds)",,,"No, otrávené šípy okamžitě zabijí stráže a nikdo nevyhlásí poplach.","Nå, giftpile kan dræbe vagterne med det samme og vil ikke udløse alarmen.",Also Giftpfeile können die Wachen sofort töten und lösen keinen Alarm aus.,,"Mortigi per venenaj sagoj
"No sir, I won't be telling you anything for free!",TXT_RNO0_SCRIPT02_D1516_NOSIR,"〃
(Four seconds)",,,"Ne, ne, zadarmo ti nic říkat nebudu!","Nej, sir, jeg vil ikke fortælle dig noget gratis!","Nein, ich werde dir nichts für umsonst erzählen!",,"Ne, mi diros nenion senpage!","¡No, no diré nada gratis!","¡No, no voy a decir nada gratis!","Ehei, en kerro mitään ilmaiseksi!","Non, monsieur, je ne vous dirai rien si je ne me fais pas payer!",,"Nem uram, nem árulok el semmit ingyen!","No signore, non ti dirò nulla senza avere qualcosa in cambio!",いやいや、タダでは話せないな!,"죄송합니다만, 전 아무것도 무료로 말해주지 않을 겁니다!","Nee meneer, ik zal u niets gratis vertellen!","Nei, sir, jeg vil ikke fortelle deg noe gratis!","Nie panie, nie będę ci mówił niczego za darmo!","Nada disso, senhor, não vou te dizer nada de graça!",,"Nu domnule, n-o să-ți zic nimic pe gratis!","Нет, товарищ! Даром — только за амбаром!",,"Nej, sir, jag tänker inte berätta något gratis för dig!","Hayır efendim, size bedava bir şey söylemeyeceğim!"
The word is... The sewers hold more than just rats and robots.,TXT_RYES0_SCRIPT02_D25772_THEWO,"〃
(This text is only four seconds on screen)",,,Kolují zvěsti... že stoky ukrývají víc než jen krysy a roboty.,Ordet er... Kloakkerne rummer mere end bare rotter og robotter.,"Man erzählt sich, dass die Kanalisation mehr als Ratten und Roboter zu bieten hat.",,"Oni diras... ke en la kloako
The Governor is a simple reminder to us that we aren't free people anymore.,TXT_RYES0_SCRIPT02_D27288_THEGO,"〃
(Four seconds)",,,"Náš guvernér je hezkou přípomínkou toho, že už nejsme svobodní.","Guvernøren er en simpel påmindelse til os om, at vi ikke længere er frie mennesker.","Der Gouverneur ist eine einfache Erinnerung daran, das wir keine freien Menschen mehr sind.",,"La registo ekzistas
There's more to the Order than meets the eye.,TXT_RYES0_SCRIPT02_D28804_THERE,"〃
(Four seconds)",,,"Za Řádem se toho skrývá víc, než se zdá.","Der er mere i Ordenen, end man umiddelbart tror.",An dem Orden ist mehr dran als man auf den ersten Blick denkt.,,"Estas pli pri La Ordeno,
Irale will set you right up!,TXT_DLG_SCRIPT02_D39416_IRALE,MAP02: Irale's shop.,,,Irale tě hned vyzbrojí!,Irale vil sætte dig på plads!,Irale wird sich darum kümmern!,,"Iralo vendos al vi ĉion, kion vi bezonas!",¡Irale te venderá lo necesario!,¡Irale te va a vender lo necesario!,Irale järkkää sinulle varusteet!,Irale a ce qu'il te faut!,,Irale majd ellát.,Irale ti darà quello che ti serve!,イラールが貴方を手助けします!,여기 이롤리가 중요한 물품을 판매할 거야.,Irale zal je er goed in luizen!,Irale skal ordne opp for deg!,Irale dobrze cię przygotuje!,O Irale vai te ajudar!,,Irale te va pregăti adecvat!,Ирэйл снабдит тебя всем необходимым!,,Irale kommer att sätta dig på plats!,İrale seni hemen ayarlayacak!
(after completing ""bloody"" chore)",,,Máš pro mě dobré zprávy? Uši mám nastražené.,Har du gode nyheder til mig? Jeg er lutter ører.,Hast du gute Neuigkeiten für mich? Ich bin ganz Ohr.,,"Ĉu vi alportas bonajn novaĵojn? Mi estas tute aŭskultema... Ha, ha, ha, ha, ha, ha, ha!","¿Traes buenas noticias? Soy todo oídos... ¡Ja, ja, ja, ja, ja, ja, ja!",,Onko sinulla minulle hyviä uutisia? Olen pelkkänä korvana.,De bonnes nouvelles? Mes oreilles sont à vous.,,Van valami jó híred számomra? Csupa fül vagyok.,Hai buone notizie per me? Sono tutto orecchi...,私の耳に吉報を伝えに来たかね?,날 위한 좋은 소식이 있나? 열심히 듣고 있다구.,Heb je goed nieuws voor mij? Ik ben een en al oor.,Har du gode nyheter til meg? Jeg er lutter øre.,Masz dobre wieści dla mnie? Zamieniam się w słuch.,Alguma notícia boa pra mim? Sou todo ouvidos.,,Ai vești bune pentru mine? Sunt numai urechi.,Есть для меня хорошие новости? Слушаю во все уши.,,Har du goda nyheter till mig? Jag är alldeles nyfiken.,Benim için iyi haberlerin var mı? Can kulağıyla dinliyorum.
"Here, you earned it. The traitor you killed was about to reveal the location of the Front. You saved lives. How would you like to earn more gold, and a future free from tyranny?",TXT_DLG_SCRIPT02_D78832_HEREY,〃,,,"Tady máš, zasloužil sis je. Zrádce, kterého jsi zabil, by vyzradil lokaci Fronty. Zachránil jsi životy. Jak by se ti líbilo vydělat si víc zlata spolu s budoucností bez tyranie?","Her, du har fortjent det. Den forræder, du dræbte, var ved at afsløre frontens placering. Du reddede liv. Hvad ville du sige til at tjene mere guld og en fremtid uden tyranni?","Hier, das hast du dir verdient. Der Verräter den du getötet hast war dabei über die Position der Front auszupacken. Du hast Leben gerettet. Wie würde es dir gefallen noch mehr Gold zu verdienen und eine tyrannenfreie Zukunft zu haben?",,"Jen ĝi, vi gajnis ĝin. La perfidulo, kiun vi mortigis, estis malkaŝonta la lokon de la Fronto. Vi savis vivojn. Ĉu vi ŝatus gajni plian oron kaj estontecon liberan de tiranio?","Toma, te lo ganaste. El traidor que has matado estaba a punto de revelar la ubicación del Frente. Has salvado vidas. ¿Te gustaría ganar más oro y un futuro libre de tiranía?","Toma, te lo ganaste. El traidor que mataste estaba a punto de revelar la ubicación del Frente. Salvaste vidas. ¿Te gustaría ganar más oro y un futuro libre de tiranía?","Tässä, olet sen ansainnut. Tappamasi petturi oli lähellä paljastaa Rintaman sijainnin. Pelastit henkiä. Haluaisitko tienata lisää kultaa, ja tyranniasta vapaan tulevaisuuden?","Voilà, vous l'avez bien mérité. Ce traître que vous avez tué allait révéler la base du Front. Vous avez sauvé de nombreuses vies. Est-ce que ça vous intéresserait de vous faire plus d'argent et garantir un futur libre de la tyrannie?",,"Tessék, megérdemelted. Az áruló akit eltettél láb alól közel járt ahhoz, hogy felfedje a Front bázisát. Életeket mentettél. Mit szólnál ahhoz, ha még több arany is ütné a mancsod, és még egy zsarnok mentes jövőd is lenne?","Ecco qua, te li sei guadagnati. Il traditore che hai ucciso stava per rivelare il nascondiglio del Fronte. Hai salvato molte vite. Che ne diresti di guadagnare altro oro, e un futuro libero dalla tirannia?","よし、報酬はお前のものだ。お前が殺した
"I have a business relationship with the Front's leader, Macil. I know he needs an incisive fellow like yourself, and he pays well. Take this recovered com unit and you'll be led to, shall we say, opportunities.",TXT_DLG_SCRIPT02_D80348_IHAVE,〃,,,"Mám obchodní vztah s vůdcem Fronty, Macilem. Vím, že potřebuje schopného člověka jako ty a dobře platí. Vem si tenhle spravený komunikátor; zavede tě k, řekněme, příležitostem.","Jeg har et forretningsmæssigt forhold til frontens leder, Macil. Jeg ved, han har brug for en skarp fyr som dig, og han betaler godt. Tag denne genvundne com-enhed, og du vil blive ført til, skal vi sige, muligheder.","Ich habe Geschäftsbeziehungen mit dem Anführer der Front, Macil. Er braucht einen pfiffigen Typen wie dich und er bezahlt gut. Nimm dieses erbeutete Kommunikationsgerät und es wird dich zu, sagen wir mal, Möglichkeiten führen.",,"Mi havas negoco-ligon kun Macil la frontestro. Mi scias, ke li bezonas lertan kamaradon kiel vi, kaj cetere li pagas bone. Prenu ĉi tiun rekuperitan interfonon kaj vi havos la vojon al... ni diru, ebloj.","Tengo una relación de negocios con Macil el líder del Frente. Sé que necesita un compañero hábil como tú, además de que paga bien. Toma este intercomunicador recuperado para que te guíe a... digamos, oportunidades.",,"Minulla on liikesuhteita Rintaman johtaja Maciliin. Tiedän hänen tarvitsevan kaltaistasi terävää kaveria, ja hän maksaa hyvin. Ota tämä talteenkerätty viestintälaite, ja tiesi johtaa, sanottaisiinko, mahdollisuuksien äärelle.","J'ai une relation d'affaires avec le leader du Front, Macil. Je sais qu'il a besoin de quelqu'un d'incisif comme vous, et il paye bien. Prenez ce communicateur avec vous, et vous serez mené à des.. on va dire des opportunités.",,"Van egy üzleti megállapodásom Macil-lal, a Front vezetőjével. pont egy ilyen belevaló embert keres mint te, és kiváló fizetést is adna. Használd ezt a kommunikációs egységet és - mondjuk úgy - odavezet a lehetőségekhez.","Ho dei rapporti d'affari col capo del Fronte, Macil. So che è alla ricerca di una persona diretta e precisa come te, e lui paga molto bene. Tieni questa unità di comunicazione che abbiamo recuperato, e sarai condotto verso, come dire, nuove opportunità.","私はフロントのリーダー、マシルと取引を
"Welcome to the last flicker of hope. Only we have the free will to oppose the Order. We have the sharpest scientific minds, and many able bodies, but we lack that one real, uh... Problemsolver, who will give us the edge we need. Help us.",TXT_DLG_SCRIPT03_D0_WELCO,MAP03: Macil.,,,"Vítej u posledního plamínku naděje. Jen my máme svobodnou vůli vzdorovat Řádu. Máme sice nejčilejší vědecké génie a mnoho schopných vojáků, ale chybí nám ten jeden... pomocník, který by nás posunul vpřed. Pomoz nám.","Velkommen til det sidste lille håb. Kun vi har den frie vilje til at modsætte os Ordenen. Vi har de skarpeste videnskabelige hjerner og mange dygtige kroppe, men vi mangler den ene rigtige, øh... Problemløser, som vil give os den fordel, vi har brug for. Hjælp os.","Wilkommen beim letzten Hoffnungsschimmer. Nur wir haben noch den freien Willen, um gegen den Orden zu arbeiten. Wir haben die besten Wissenschaftler und viele fähige Kämpfer aber was uns fehlt ist ein spezieller... äh... Problemlöser, der uns den nötigen Vorteil verschafft. Bitte hilf uns.",,"Bonvenon en la lasta fajrero da espero. Nur ni havas liberan volon por kontraŭstari al La Ordeno. Ni havas la plej intelektajn mensojn kaj multe da kapablaj homoj, sed mankas tiu, kiu estus, hm... vera problem-solvulo, por ke li donu al ni la necesan avantaĝon. Helpu nin.","Bienvenido al último destello de esperanza. Solo nosotros tenemos el libre albedrío para oponernos a La Orden. Tenemos las mentes científicas más brillantes y muchas personas capaces, pero nos falta el que sería, este... todo un apagafuegos para que nos dé la ventaja que necesitamos. Ayúdanos.",,"Tervetuloa viimeisen toivonpilkahduksen äärelle. Ainoastaan meillä on vapaa tahto vastustaa Veljeskuntaa. Meillä on tieteen terävimmät mielet ja monia ruumiiltaan vahvoja, mutta meiltä puuttuu se yksi todellinen, sanottaisiinko, Ongelmanratkoja, joka antaisi meille kaipaamamme etulyöntiaseman. Auta meitä.","Bienvenue au dernier lieu d'espoir. Nous seuls avons la liberté d'esprit pour opposer l'Ordre. Nous avons les esprits scientifiques les plus aiguisés et de nombreux hommes habiles et sains.. Mais il nous manque quelqu'un qui pourrait.. résoudre nos problèmes. Nous donner un peu d'aide, nous permettre de prendre l'avantage.",,"Köszöntelek a remény utolsó pislákoló fényénél. Már csak mi merünk szembeszállni a Renddel. Itt vannak a legélesebb elmék, életerős emberek, de hiányzik egy igazi...probléma megoldó, aki előnyt szerez számunkra. Segíts nekünk!","Benvenuto nell'ultimo barlume di speranza. Noi siamo i soli ad avere la determinazione per combattere l'Ordine. Abbiamo brillanti scienziati e molti soldati capaci, ma ci manca quel vero e proprio... risolutore di problemi, che ci può dare quel vantaggio che cerchiamo. Aiutaci!","ようこそ、ここは我々の僅かな希望が集まる
"Take this money and visit Irale who supplies our weapons. Then, this key will get you in to see the Governor. He's a corrupt puppet of the Order, but he loves to make deals. Do whatever you need to free our brothers in arms.",TXT_DLG_SCRIPT03_D7580_TAKET,〃 (〃),,,"Vem si tohle zlato a navštiv Iraleho, který nás zásobuje zbraněmi. Tento klíč tě pak dostane ke guvernérovi. Je to jen zkorumpovaná loutka Řádu, ale zbožňuje nabídky. Udělej cokoliv je třeba, abys osvobodil naše bratry ve zbrani.","Tag disse penge og besøg Irale, som leverer vores våben. Så vil denne nøgle give dig adgang til guvernøren. Han er en korrupt marionet af Ordenen, men han elsker at lave aftaler. Gør hvad du skal gøre for at befri vores våbenbrødre.","Nimm das Geld hier und geh zu Irale, der und mit Waffen versorgt. Und dieser Schlüssel erlaubt die Zutritt zum Haus des Gouverneurs. Er ist eine korrupte Marionette des Ordens aber er liebt es, Deals zu machen. Mach was nötig ist um unsere Waffenbrüder zu befreien.",,"Prenu ĉi tiun monon kaj renkontu Iralon, kiu provizas nin per armiloj. Poste ĉi tiu ŝlosilo ebligos al vi renkonti la registon. Li estas koruptita marioneto de La Ordeno, sed li ŝategas intertraktadojn. Faru tion ajn, kion vi bezonas por liberigi niajn soldatojn.","Toma este dinero y ve con Irale, que es el que suministra nuestras armas. Después, esta llave te servirá para ver al gobernador. Es una marioneta corrupta de La Orden, pero le encantan los tratos. Haz lo que creas necesario para liberar a nuestros conmilitones.","Toma este dinero y ve con Irale, que es el que suministra nuestras armas. Después, esta llave te va a servir para ver al gobernador. Es una marioneta corrupta de La Orden, pero le encantan los tratos. Haz lo que creas necesario para liberar a nuestros conmilitones.","Ota tästä rahaa ja käväise Iralen luona, joka toimittaa meidän aseemme. Sitten tällä avaimella pääset tapaamaan kuvernööriä. Hän on Veljeskunnan läpimätä sätkynukke, mutta hän rakastaa tehdä kauppoja. Tee kaikkesi vapauttaaksesi aseveljemme.",Prenez cet argent et allez voir Irale qui nous approvisionne en armes. Utilisez ensuite cette clé pour aller voir le gouverneur. Il est un pantin de l'Ordre mais il adore faire affaires. Faites ce qu'il faut pour libérer nos compatriotes.,,"Fogd ezt a pénzt, és látogasd meg Irale-t a fegyverellátónkat. Azután, ezzel a kulccsal be tudsz jutni a kormányzóhoz. Ő a Rend egy korrupt bábja, de imád üzletet kötni. Tegyél meg mindent, hogy kiszabadítsd a bajtársainkat.","Prendi questo denaro e vai da Irale, uno dei nostri fornitori d'armi. Dopodiché, con questa chiave potrai entrare nella dimora del governatore. È un pupazzo corrotto dell'Ordine, ma adora trattare sottobanco. Fai tutto il necessario per liberare i nostri compagni d'arme.","この金で、我らの武器を調達してくれている
I don't know where anybody is. I just keep the lid on the rat trap.,TXT_DLG_SCRIPT04_D7580_IDONT,〃,,,Já nevím kde kdo je. Já jen dohlížím na pastičku na myši.,"Jeg ved ikke, hvor nogen er. Jeg holder bare låget på rottefælden.","Ich weiß von niemandem, wo er ist. Ich kümmere mich nur um die Rattenfalle.",,Mi scias nenies lokon. Mi nur estas komisiito de la pordoj de ĉi tiu ratkaptilo.,No me sé la ubicación de nadie. Solo estoy a cargo de las puertas de esta ratonera.,,"En tiedä, missä kukaan on. Huolehdin vain rotanloukun kannesta.",Je ne sais pas où se trouve qui que ce soit. Je ne fais que garder le couvercle de ce trou à rats.,,Ötletem sincs merre vannak az emberek. Én csak a patkány csapda tetejéért vagyok felelős.,Non so dove sia nessuno di quelli che stanno nel magazzino. A me interessa solo che non scappino.,"俺には何処にいるかは分からない。
"About time you showed up. Go talk with Ketrick in the core. Oh, and take this key card. Don't want you getting shot on your first day, huh?",TXT_DLG_SCRIPT04_D36384_ABOUT,〃,,,"Už bylo na čase, aby ses objevil. Jdi si promluvit s Ketrickem v jádře. A vezmi si tuhle kartu. Přece by ses nechtěl nechat zastřelit hned svůj první den, ne?","Det var på tide, du dukkede op. Gå hen og snak med Ketrick i kernen. Åh, og tag dette nøglekort. Du skal ikke blive skudt på din første dag, hva'?","Wird auch Zeit, dass du hier erscheinst. Rede mit Ketrick im Reaktorkern, Und nimm diesen Schlüssel. Du willst ja wohl nicht gleich am ersten Tag erschossen werden, oder?",,"Vi finfine aperis. Iru paroli kun Ketrick en la kerno. Ha, kaj prenu ĉi tiun  ŝlosil-karton; vi ne volas ricevi pafon dum via unua tago, ĉu?","Ya era hora. Ve al área del núcleo a hablar con Ketrick. Ah, y toma esta tarjeta llave; no querrás que te peguen un tiro en tu primer día, ¿eh?",,"Jo oli aikakin ilmaantua. Mene ytimeen puhumaan Ketrickin kanssa. Ai niin, ja ota tämä avainkortti. Ei parane joutua ammutuksi heti ensimmäisenä työpäivänä, eikö niin?","Ah. Enfin. Il vous en a fallu, du temps! Allez parler avec Ketrick dans la section du cœur. Oh, et prenez ce passe. Vous ne voulez pas vous faire tirer dessus lors de votre premier jour, non?",,"Már ideje volt. Menj és beszélj Kettickkel a magban. Ja, és vidd magaddal ezt a mágneskártyát. Gondolom nem akarod magadat agyonlövetni az első napodon.","Finalmente sei arrivato. Vai a parlare a Ketrick nel nucleo. Ah, e prendi questa tessera chiave. Non è il caso di farsi sparare il primo giorno di lavoro, eh?","そろそろ来ると思っていたよ。コアにいる
"Good. Here's something extra. My fellows tore this off of a fallen Crusader, it's the parts that make up a flamethrower. Now Irale can make one for you. You can have such fun.",TXT_DLG_SCRIPT06_D7580_GOODH,MAP06: Weran.,,,"Dobře. Tady je něco navíc. Mí stoupenci tohle urvali ze zničeného Křižáka, jsou to části, ze kterých se skládá plamenomet. Teď ti jeden může Irale postavit. Můžeš mít takové legrace.","Godt. Her er noget ekstra. Mine kammerater rev den af en faldet korsfarer, det er de dele, der udgør en flammekaster. Nu kan Irale lave en til dig. Du kan have det så sjovt.",Gut so. Hier ist ein kleiner Bonus. Meine Kumpel haben das hier von einem gefallenen Ordensritter abgerissen. Es sind die Teile seines Flammenwerfers. Jetzt kann Irale dir auch einen machen. Du kannst so viel Spaß damit haben...,,Bone. Jen aldonaĵo; miaj kamaradoj deŝiris ĝin de venkita Krucisto: ili estas partoj de flamĵetilo; Iralo nun povos krei unu por vi. Vi vere amuziĝos.,Genial. Aquí tienes algo extra; mis compañeros lo arrancaron de un Cruzado caído: son las partes de un lanzallamas; ahora Irale puede hacer uno para ti. Te vas a divertir cantidad.,,"Hyvä. Tässä vielä jotain vähän lisäksi. Toverini repivät tämän kaatuneesta ristiretkeläisestä. Ne ovat liekinheittimen osia. Nyt Irale voi väsätä sinulle seillaisen. Ajattele sitä, kuinka hauskaa sinulla tulee olemaan.",Bien. Voilà un petit bonus. Mes amis ont arraché ceci à un croisé. C'est les pièces nécessaires à monter un lance-flammes. Irale peut en assembler un pour vous. Vous allez vraiment vous amuser.,,"Helyes. Itt van egy kis érdekesség. Egyik bajtársam letörte ezeket az egyik keresztesről, igazából egy lángszórót lehetne összerakni belőle. Irale össze tudna rakni egyet neked. Tuti örömteli pörkölő pillanatokat fog okozni.","Eccellente. Ecco, ho qualcosa per te. I miei compagni hanno staccato questo da un Crociato distrutto, sono le parti che costituiscono il lanciafiamme. Adesso Irale ne può creare uno per te. Ti potrai divertire un sacco.","良し。礼は果たそう。
"Ohhh, I knew you would ask me for that. Look behind you. That's the entrance to the Bishop's citadel. It's guarded by a force field that is only shut off for official visitors, not you.",TXT_DLG_SCRIPT17_D9096_OHHHI,〃,,,"Ohó, já věděl, že se mě na tohle zeptáš. Podívej se za sebe. To je vchod do Biskupovy citadely. Je střežená silovým polem, které se vypíná pouze kvůli oficiálním návštěvám, ne tobě.","Jeg vidste, du ville spørge mig om det. Se bag dig. Det er indgangen til biskoppens citadel. Den er bevogtet af et kraftfelt, der kun er lukket for officielle besøgende, ikke dig.","Oh, hab ich's doch geahnt, dass du mich das fragen würdest. Schau mal hinter dich. Dort ist der Eingang zu der Festung des Bischofs. Er ist durch ein Kraftfeld geschützt, welches sich nur für offizielle Besucher abschaltet und nicht für dich.",,"Ho, mi sciis, ke vi estis petonta tion. Rigardu malantaŭen tra la fenestro: tie estas la enirejo al la citadelo de la Episkopo. Ĝin baras fortokampo malŝaltinda nur por oficialaj vizitantoj: ne vi, ekzemple.","Ah, imaginaba que me ibas a pedir eso. Mira detrás de ti por la ventana: ahí está la entrada a la ciudadela del Obispo. La bloquea un campo de fuerza que solo se apaga para visitas oficiales: no tú, por ejemplo.",,"Oo, arvasin, että kysyisit sitä minulta. Katso taaksesi. Siellä on sisäänkäynti Piispan linnoitukseen. Sitä turvaa voimakenttä, joka kytketään pois päältä ainoastaan virallisille vieraille, ei sinulle.","Ohh, je savais que vous me demanderiez cela. Regardez derrière vous. C'est l'entrée de la citadelle de l'évêque. Elle est gardée par un champ de force qui ne s'ouvre que pour les visites officielles, pas vous.",,"Ohhh, tudtam, hogy ezt fogod kérdezni. Nézz csak magad mögé. Ez a püspök fellegvárához a bejárat. Egy erőpajzs védi, és csak hivatalos látogatóknak nyitják ki, aminek valljuk be Te nem igazán felelsz meg.","Ohhh, sapevo che me l'avresti chiesto. Guarda dietro di te. Quello è l'ingresso per la cittadella del Vescovo. È protetta da un campo di forza che viene disattivato solo per le visite ufficiali, quindi non per la tua.","おおぅ、そういう事だろうと思った。
They came in earlier. That's what all the security's about. I got a chance to look at them when I locked up. Nobody's supposed to go in or out of there until the rest of the platoon comes to claim their weapons.,TXT_DLG_SCRIPT18_D3032_THEYC,〃,,,"Dorazily už dřív, proto ta ochranka. Měl jsem možnost se na ně podívat, když jsem zamykal. Nikdo nesmí vejít dovnitř ani ven dokud si zbytek čety nepřijde pro zbraně.","De kom ind tidligere. Det er derfor, der er så meget sikkerhed. Jeg fik en chance for at se dem, da jeg låste af. Ingen må gå ind eller ud derfra, før resten af delingen kommer for at hente deres våben.","Die sind heute früh hier eingetroffen. Daher all die Wachen. Ich konnte aber mal einen Blick darauf werfen. Niemand darf da rein, bevor die Waffen an die Truppen verteilt worden sind.",,"Ili alvenis antaŭ nelonge, tial estas ĉi tiom da sekureco; mi havis la eblon vidi ilin tiam, kiam mi enŝlosis ilin. Neniu supozeble devas iri nek en tiun deponejon nek el ĝi ĝis la resto de la plotono venos peti siajn armilojn.","Han llegado hace poco, para eso toda esta seguridad; he tenido la oportunidad de verlos al cerrar el depósito. Se supone que nadie puede entrar o salir hasta que el resto del pelotón venga a pedir sus armas.","Llegaron hace poco, para eso toda esta seguridad; tuve la oportunidad de verlos al cerrar el depósito. Se supone que nadie puede entrar o salir hasta que el resto del pelotón venga a pedir sus armas.","He kävivät aiemmin. Siitä näissä kaikissa turvatoimissa on kyse. Sain mahdollisuuden vilkaista niitä, kun lukitsin paikkoja. Kukaan ei saa kulkea sisään eikä ulos, ennen kuin loput joukkueesta tulee noutamaan aseensa.",Ils sont passés plus tôt. C'est pour ça qu'il y a autant de personnel de sécurité. J'ai eu l'opportunité de les voire quand je suis parti verouiller les accès. Personne n'est sensé entrer ou sortir tant que la section n'a pas fini de récupérer leur armes.,,"Most hamarabb jöttek. Emiatt van akkora biztonsági cécó. Jó megnéztem magamnak őket amikor bezártam. Senki nem mehet se ki se be, míg a szakasz be nem megy a fegyvereiért.",Sono arrivati da poco. Ecco perché c'è così tanta sicurezza. Ho avuto l'opportunità di vederli quando sono uscito per bloccare gli accessi. Nessuno dovrebbe entrare o uscire finché il plotone non ha finito di raccogliere le armi.,"以前所属したばかりだ。
"Welcome to the last flicker of hope. Only we have the free will to oppose the Order. We have the sharpest scientific minds, and many able bodies. But we lack that one real problem solver, who will give us the edge we need.",TXT_DLG_SCRIPT34_D27288_WELCO,MAP34: Macil.,,,"Vítej u posledního plamínku naděje. Jen my máme svobodnou vůli vzdorovat Řádu. Máme sice nejčilejší vědecké génie a mnoho schopných vojáků, ale chybí nám ten jeden řešitel problémů, který by nás posunul vpřed.","Velkommen til det sidste lille håb. Kun vi har den frie vilje til at modsætte os Ordenen. Vi har de skarpeste videnskabelige hjerner og mange dygtige kroppe. Men vi mangler den ene rigtige problemløser, som vil give os den fordel, vi har brug for.","Wilkommen beim letzten Hoffnungsschimmer. Nur wir haben noch den freien Willen, um gegen den Orden zu arbeiten. Wir haben die besten Wissenschaftler und viele fähige Kämpfer aber was uns fehlt ist ein spezieller Problemlöser, der uns den nötigen Vorteil verschafft.",,"Bonvenon en la lasta fajrero da espero. Nur ni havas liberan volon por kontraŭstari al La Ordeno. Ni havas la plej intelektajn mensojn kaj multe da kapablaj homoj, sed mankas tiu... tiu, kiu estus vera problem-solvulo, por ke li donu al ni la necesan avantaĝon.","Bienvenido al último destello de esperanza. Solo nosotros tenemos el libre albedrío para oponernos a La Orden. Tenemos las mentes científicas más brillantes y muchas personas capaces, pero nos falta el que... el que sería todo un apagafuegos para que nos dé la ventaja que necesitamos.",,"Tervetuloa viimeisen toivonpilkahduksen äärelle. Ainoastaan meillä on vapaa tahto vastustaa Veljeskuntaa. Meillä on tieteen terävimmät mielet ja monia ruumiiltaan vahvoja, mutta meiltä puuttuu se yksi todellinen ongelmanratkoja, joka antaisi meille kaipaamamme etulyöntiaseman.","Bienvenue au dernier lieu d'espoir. Nous seuls avons la liberté d'esprit pour opposer l'Ordre. Nous avons les esprits scientifiques les plus aiguisés et de nombreux hommes habiles et sains.. Mais il nous manque quelqu'un qui pourrait.. résoudre nos problèmes. Nous donner un peu d'aide, nous permettre de prendre l'avantage.",,"Köszöntelek a remény utolsó pislákoló fényénél. Már csak mi merünk szembeszállni a Renddel. Itt vannak a legélesebb elmék, életerős emberek, de hiányzik egy igazi...probléma megoldó, aki előnyt szerez számunkra. Segíts nekünk!","Benenuto nell'ultimo barlume di speranza. Noi siamo i soli ad avere la determinazione per combattere l'Ordine. Abbiamo brillanti scienziati e molti soldati capaci, ma ci manca quel vero e proprio risolutore di problemi, che ci può dare quel vantaggio che cerchiamo.","ようこそ、ここは我々の僅かな希望が集まる
"Destroy the power crystal that runs the power grid which drives the Order's shields. Go visit Worner, a spy we recruited in the warehouse of the power station.",TXT_ILOG22,,,,"Znič energetický krystal, který napájí elektrickou síť, kterou jsou poháněné štíty Řádu. Jdi navštívit Wornera, špióna, kterého jsme najali ve skladu elektrárny.","Ødelæg energikrystallen, der driver det strømnet, som driver Ordenens skjolde. Besøg Worner, en spion, som vi rekrutterede i lageret på kraftværket.","Zerstöre den Energiekristall der die Energieversorgung für die Kraftschilde kontrolliert. Suche Worner auf, einen Spion, den wir im Lagerhaus des Kraftwerks rekrutiert haben. ",,"Renkontu nian spionon Worner en la magazeno (Warehouse) de la centralo (Power Station). Detruu la energian kristalon, kiu impulsas la elektrizan sistemon, kiu tenas la ŝildon de la kastelo.","Busca a Worner, un espía nuestro, en el almacén (Warehouse) de la central eléctrica (Power Station). Destruye el cristal de poder que impulsa la red eléctrica que mantiene los escudos del castillo.",,"Tuhoa kaupungin sähköverkon voimanlähteenä toimiva voimakristalli, jonka voimaa Veljeskunnan kilvet käyttävät. Mene tapaamaan Worneria, vakoojaa, jonka värväsimme voimalaitoksen varastolta.","Détruis le cristal qui contrôle la grille énergétique des boucliers de l'Ordre. Va voir Worner, un espion que l'on a recruté dans l'entrepôt de la centrale.",,"Semmisítsd meg az erő kristályt, ami a Rend külső védőpajzsát hajtja az elektromos hálózaton keresztül. Keresd fel az erőműtől betoborzott kémünket, Wornert.","Distruggi il cristallo che fornisce energia agli scudi dell'Ordine. Trova Worner, una spia che abbiamo reclutato nel magazzino della centrale energetica.","送電網を動かしているパワークリスタルを破壊してオーダーのシールドを止めろ。 
"One more adventure before command feels it's safe to attack the castle. Macil's arranged for Irale to give you gold and some training. After you visit him, see the medic in town for strength.",TXT_ILOG25,MAP02: After destroying the crystal in the Power Station.,,,"Ještě jedno dobrodružství, než se velení rozhodne zaútočit. Macil sjednal u Iraleho zlato a trénink. Pak navštiv městského lékaře pro sílu.","Et eventyr mere, før kommandoen føler, at det er sikkert at angribe slottet. Macil har sørget for, at Irale giver dig guld og noget træning. Når du har besøgt ham, skal du gå til lægen i byen for at få styrke.","Eine weitere Aufgabe noch, bevor Macil es für sicher hält, die Burg anzugreifen. Macil hat Irale gebeten, dir Gold zu geben und Training zu organisieren. Nachdem du bei ihm warst, lass dir vom Sanitäter in der Stadt deine Ausdauer erhöhen.",,"Ankoraŭ unu komisio por ke la Fronto sentu, ke sturmi la kastelon estas sekure. Macil diris al Iralo, ke li donu oron kaj trejnadon al vi. Post tio, iru ĉe la kuracisto (Hospital) de la urbo pro la enplantaĵo.","Una misión más para que el comando sienta que es seguro asaltar el castillo. Macil le ha dicho a Irale que te dé oro y entrenamiento. Tras visitarlo, ve con el médico del pueblo para cambiar el implante.","Una misión más para que el comando sienta que es seguro asaltar el castillo. Macil le dijo a Irale que te dé oro y entrenamiento. Tras visitarlo, ve con el médico del pueblo para cambiar el implante.","Vielä yksi seikkailu, ennen kuin komentokeskus katsoo tilanteen hyväksi hyökätä linnaa vastaan. Macil on järjestänyt Iralen antamaan sinulle kultaa ja koulutusta. Kun olet tavannut häntä, tapaa kaupungilla lääkintämiestä vahvistusta varten.","Encore une aventure avant que le commandement ne pense qu'il soit bon temps d'attaquer le château. Macil s'est arrangé pour qu'Irale te donne de l'argent et qu'il t'entraîne. Une fois que tu en as fini avec lui, va visiter le médecin en ville pour qu'il te rende des forces.",,"Még egy kaland, mielőtt az irányítás hatékony támadást indíthat a kastély ellen. Macil elintézte, hogy Irale ellásson arannyal és kiképzéssel. Utána keresd fel a szanitécet, hogy kicsit kipofozzon.","Un'ultima avventura prima dell'assedio al castello. Macil ha parlato ad Irale per farti avere dell'oro e un po' di addestramento. Dopo che gli hai fatto visita, parla anche dal medico in città per una marcia in più.","もう一つの任務をこなす前に戦力の増強が必要と考えられる。
"Visit Irale and the medic in town for gold and training, then find the sewers. Head along the river across from the Governor's mansion.",TXT_ILOG26,〃,,,"Navštiv Iraleho a doktora pro zlato a trénink, pak najdi stoky. Jdi podél řeky naproti guvernérově sídlu.","Besøg Irale og lægen i byen for at få guld og træning, og find derefter kloakkerne. Gå langs floden over for guvernørens palæ.","Geh zu Irale und dem Sanitäter in der Stadt, um etwas Gold und Training zu bekommen, dann finde die Kanalisation. Folge dem Fluss auf der gegenüberliegenden Seite der Villa des Gouverneurs.",,"Iru ĉe Iralo kaj ĉe la kuracisto (Hospital) de la urbo, tiam trovu la kloakon: serĉu enirejon inter la rojo kaj la urbodomo.","Visita a Irale y al médico del pueblo, luego encuentra las alcantarillas: busca una entrada entre el arroyo y el ayuntamiento.",,"Tapaa Iralea ja lääkintämiestä kaupungilla kultaa ja koulutusta varten, minkä jälkeen löydä viemärit. Kulje joen vartta kuvernöörin kartanoa vastapäätä.","Visite Irale et le médecin en ville pour de l'argent et de l'entraînement, puis trouve l'entrée des égouts. Descend le long de la rivière de l'autre côté du manoir du gouverneur.",,"Keresd fel Iralet és a szanitécet a városban egy kis aranyért és kiképzésért, aztán irány a kanáris. Menj a folyón ami átszeli a kormányzó kúriáját.","Visita Irale e il medico in città per oro e addestramento, dopodiché trova le fogne. Vi puoi accedere dal fiume vicino alla dimora del governatore.","イラールとメディックを尋ねて資金と訓練を受け、下水道に向かうんだ。
"Take the flamethrower parts to Irale. Drain the reclamation tank. At the bottom is a hidden entrance to the sewers. The gate controls are down there, somewhere. Destroy them.",TXT_ILOG33,MAP06: After giving the guard's uniform to Weran.,,,Vezmi části plamenometu k Iralemu. Vypusť obnovovací nádrž. Na dně je skrytý vchod do stok. Někde tam je ovládání bran. Znič jej.,Tag flammekasterdelene med til Irale. Tøm genvindingstanken. I bunden er der en skjult indgang til kloakkerne. Kontrolelementerne til porten er dernede et sted. Ødelæg dem.,Bringe dir Flammenwerferteile zu Irale. Leere den Sammeltank. Am Boden ist ein versteckter Eingang zur Kanalisation. Dort ist die Steuerung für die Tore. Zerstöre sie.,,"Portu la partojn de la flamĵetilo al Iralo. Drenu la rezervujon en la kastelo: en ĝia fundo estas kaŝita enirejo al la kloako, kaj ie tie estas la regilo de la pordo; detruu ĝin.",Llévale las partes del lanzallamas a Irale. Drena el tanque de recuperación del castillo: al fondo hay una entrada secreta a las alcantarillas y por ahí mismo el control de la puerta; destrúyelo.,,Toimita liekinheittimen osat Iralelle. Tyhjennä nesteentalteenottoallas. Sen pohjalla on viemärin salainen sisäänkäynti. Portin ohjaimet sijaitsevat jossakin siellä. Tuhoa ne.,Amène les pièces du lance-flamme à Irale. Fais vider le réservoir de recyclage. Au fond se trouve une entrée cachée vers les égouts. Les contrôles de la porte s'y trouvent. Détruis-les.,,Vidd a lángszóró darabokat Iralehez. Ereszd le a szárító tartályt. Az alján megtalálod a titkos lejáratot a kanárisba. A kapu vezérlése ott van lent valahol. Semmisítsd meg őket.,"Porta i pezzi del lanciafiamme da Irale. Svuota la vasca di recupero fluidi. Nel fondo c'è un'entrata nascosta per le fogne. I controlli dei cancelli sono laggiù, da qualche parte. Distruggili.","火炎放射器の部品をイラールに持っていく。
"Join the assault on the castle. Find and take out the Programmer. We have conflicting reports about his location. One says he in a computer room, another hiding in a sub-level temple, and yet another at the end of a long hallway.",TXT_ILOG38,MAP07: Entrace.,,,"Připoj se k útoku na hrad. Najdi a zabij Programátora. Informace o jeho pozici se různí. Jedna mluví o místnosti s počítači, druhá o podzemním chrámu a třetí o konci dlouhé chodby.","Deltag i angrebet på slottet. Find og udslæt programmøren. Vi har modstridende rapporter om hans placering. En siger, at han er i et computerrum, en anden, at han gemmer sig i et tempel på et underliggende niveau, og endnu en anden for enden af en lang korridor.","Schließe dich dem Angriff auf die Burg an. Finde den Programmierer und schalte ihn aus. Wir haben widersprüchliche Angaben über seinen Aufenthaltsort. Eine sagt, in einem Computerraum, ein anderer, dass er sich in einem Tempelkeller versteckt und noch ein anderer sagt was vom Ende eines langen Flurs.",,Trovu kaj mortigu la Programiston. Estas kontraŭdiraj informoj pri lia loko: en komputila ĉambro aŭ en la subtera etaĝo de templo aŭ ĉe la fundo de longa koridoro.,"Encuentra y elimina al Programador. Tenemos informes contradictorios sobre su ubicación: uno que está en una sala de ordenadores, otro en el sótano de un templo y otro al final de un largo pasillo.","Encuentra y elimina al Programador. Tenemos informes contradictorios sobre su ubicación: uno que está en una sala de computadoras, otro en el sótano de un templo y otro al final de un largo pasillo.","Osallistu hyökkäykseen linnaa vastaan. Etsi ja kukista Ohjelmoitsija. Meillä on hänen sijainnistaan eriäviä tietoja: Yhden mukaan hän on tietokonehuoneessa, toisen mukaan maanalaisessa temppelissä ja vielä kolmannen mukaan pitkän käytävän päässä.","Rejoins l'assaut sur le château. Trouve et élimine le Programmeur. On a des rapports en conflit sur sa position. L'un d'entre eux nous dit qu'il se trouve dans la salle des ordinateurs, l'autre nous dit qu'il se cache dans un temple en sous sol, et un autre encore au bout d'un long couloir.",,"Csatlakozz a kastély ostromához. Keresd meg és iktasd ki a Programozót. Ellentmondó információink vannak a hollétéről. Az egyik szerint a számítógép szobában van, másik szerint egy föld alatti templomban, harmadik szerint egy hosszú folyosó végén.","Unisciti all'assalto sul castello. Trova e fai fuori il Programmatore. I rapporti che abbiamo sulla sua posizione si contraddicono. Uno lo piazza in una stanza di computer, un altro in un tempio di sottolivello, e un altro ancora alla fine di un lungo corridoio.","城に向かう突撃部隊に参加してプログラマーを探し出せ。
Find the sanctuary by the river. Steal the chalice from inside. Bring it to Harris in the tavern.,TXT_ILOG1001,MAP33?,,,Najdi svatyni u řeky. Zevnitř ukradni kalich. Přines ho Harrisovi do taverny.,Find helligdommen ved floden. Stjæl bægeret indefra. Bring den til Harris på tavernaen.,"Finde das Heiligtum am Fluss. Stehle den Kelch, der dort aufbewahrt wird und bringe ihn zu Harris in der Taverne.",,"Trovu la sanktejon apud la rojo, ŝtelu la kalikon kaj portu ĝin al Harriso en la tavern'.","Encuentra el santuario junto al arroyo, roba el cáliz de dentro y llévaselo a Harris en la taberna (Tavern).","Encuentra el santuario junto al arroyo, roba el cáliz de adentro y llévaselo a Harris a la taberna (Tavern).",Löydä pyhäkkö joen varrella. Varasta kalkki sisältä. Vie se Harrisille kapakkaan.,Trouve le sanctuaire près de la rivière. Prends le Calice qui s'y trouve et amène le à Harris dans la taverne.,,A szentély a folyó mellett van. Lopd el a serleget bentről. Vidd travishez a kocsmába.,Trova il santuario accanto al fiume. Ruba il calice al suo interno. Portalo ad Harris nella taverna.,"川沿いの 聖域 を探し、中にある聖杯を盗む。
"Find the sanctuary by the river. Inside someone called Beldin is being held. Shut him up, and bring his ring back to Rowan as proof.",TXT_ILOG1003,MAP02: After accepting Rowan's chore.,,,Najdi svatyni u řeky. Uvnitř je držen jakýsi Beldin. Umlč ho a přines Rowanovi jeho prsten jako důkaz.,"Find helligdommen ved floden. Indenfor bliver en person ved navn Beldin holdt fanget. Få ham til at lukke munden på ham, og giv Rowan hans ring tilbage som bevis.",Finde das Heiligtum am Fluss. Dort drinnen wird jemand namens Beldin festgehalten. Bringe ihn zum Schweigen und gebe Rowan seinen Ring als Beweis.,,Trovu la sanktejon apud la rojo. Iu nomata Beldin estas retenita en ĝi. «Silentigu» lin kaj donu lian ringon kiel pruvon al Rowan.,Encuentra el santuario junto al arroyo. Alguien llamado Beldin está retenido dentro. «Siléncialo» y dale su anillo a Rowan como prueba.,Encuentra el santuario junto al arroyo. Alguien llamado Beldin está retenido adentro. «Siléncialo» y dale su anillo a Rowan como prueba.,"Löydä pyhäkkö joen varrella. Sisällä on vangittuna joku nimeltään Beldin. Vaienna hänet, ja tuo hänen sormuksensa takaisin Rowanille todisteena.","Trouve le sanctuaire près de la rivière. Quelqu'un qui s'appelle Beldin s'y trouve emprisonné. Cloue-lui le bec, et ramène son anneau à Rowan comme preuve.",,"Megtalálod a szentélyt a folyó mellett. Egy Beldin nevű figurát tartanak fogva. Halgattasd el örökre, és hozd vissza a gyűrűjét Rowannak bizonyítékként.","Trova il santuario accanto al fiume. Dentro, qualcuno chiamato Beldin è sotto chiave. Fallo tacere per sempre, e riporta il suo anello a Rowan come prova.","川沿いの 聖域 を探せ。中にいるベルディンと
Find the location of the Front and talk to Macil.,TXT_ILOG1004,MAP02: After getting the com unit from Rowan.,,,Najdi umístění Fronty a promluv si s Macilem.,Find placeringen af fronten og tal med Macil.,Finde die Basis der Front und rede mit Macil.,,Trovu la lokon de la Fronto kaj parolu kun Macil.,Encuentra la ubicación del Frente y habla con Macil.,,Löydä Rintaman olinpaikka ja keskustele Macilin kanssa.,Trouve où se cache le Front et parle à Macil.,,"Keresd meg a Front központját, és beszélj Macillal.",Trova il quartier generale del Fronte e parla a Macil.,フロントの場所を見つけ、マシルと会話する。,프론트의 기지를 찾아서 마실과 대화해봐.,Zoek de locatie van het Front en praat met Macil.,Finn plasseringen til Fronten og snakk med Macil.,Znajdź lokalizację Frontu i porozmawiaj z Macil.,Ache a localização da Frente e fale com o Macil.,,Găsește locația Frontului și vorbește cu Macil.,Найди базу Сопротивления и поговори с Мэйсилом.,,Hitta platsen för fronten och prata med Macil.,Cephe'nin yerini bulun ve Macil ile konuşun.
"Go down the stairs, find and talk to Macil.",TXT_ILOG1005,MAP02?,,,Jdi dolů po schodech a najdi a promluv si s Macilem.,"Gå ned ad trappen, find og tal med Macil.",Geh die Treppe runter und rede mit Macil.,,Iru malsupren laŭ la ŝtuparo. Trovu Macil-on kaj parolu kun li.,Baja por las escaleras. Encuentra a Macil y habla con él.,,"Kulje portaat alas, löydä Macil ja keskustele hänen kanssaan.","Descends les escaliers, trouve et parle à Macil.",,"Menj le a lépcsőn, és keresd meg Macilt.","Scendi le scale, e trova e parla con Macil.",階段を降り、マシルと会話する。,계단 밑으로 내려가서 마실과 대화해봐.,"Ga de trap af, zoek en praat met Macil.","Gå ned trappene, finn og snakk med Macil.","Zejdź na dół po schodach, znajdź i porozmawiaj z Macil.","Desça as escadas, encontre e fale com o Macil.",,"Du-te în josul scărilor, găsește-l și vorbește cu Macil.","Спустись на этаж ниже, найди Мэйсила и поговори с ним.",,"Gå ner för trapporna, hitta och prata med Macil.","Merdivenlerden aşağı inin, Macil'i bulun ve onunla konuşun."
"Visit Irale, the Front's weapons supplier in town. He's behind the door next to the weapons shop. Then, use the key Macil gave you to talk to the Governor.",TXT_ILOG1006,MAP03: After joining the Front.,,,"Navštiv Iraleho, dodavatele zbraní pro Frontu ve městě. Je za dveřmi vedle obchodu se zbraněmi. Pak použij klíč od Macila, aby sis promluvil s guvernérem.","Besøg Irale, Frontens våbenleverandør i byen. Han befinder sig bag døren ved siden af våbenbutikken. Brug derefter den nøgle, som Macil gav dig, til at tale med guvernøren.","Suche Irale auf, den Waffenbeschaffer der Front in der Stadr. Er hält sich in dem Gebäude neben dem Waffengeschäft auf. Danach benutze den Schlüssel, den Macil dir gegeben hat, um mit dem Gouverneur zu reden",,"Iru ĉe Iralo la armil-provizanto de la Fronto; li estas post la pordo apud la armil-vendejo (Weapons). Tiam uzu la ŝlosilon, kiun Macil donis al vi, por paroli kun la registo.",Ve con Irale el proveedor de armas del Frente; está pasando la puerta junto a la tienda de armas (Weapons). Luego usa la llave que te dio Macil para hablar con el gobernador.,,"Tapaa Iralea, joka on Rintaman asetoimittaja kaupungissa. Hän on asekaupan viereisen oven takana. Käytä sen jälkeen Macilin antamaa avainta puhuaksesi kuvernöörin kanssa.","Va voir Irale, le chef de l'arsenal du Front, en ville. Il se trouve derrière la porte à côté du marchand d'armes. Utilise la clé que Macil t'a donné pour parler au gouverneur.",,"Keresd fel Iralet, a Front fegyver beszállítóját a városban. A fegyverbolt melletti ajtó mögött vár rád. Utána használd a maciltól kapott kulcsot, hogy tudj beszélni a Kormányzóval.","Visita Irale, il fornitore di armi del Fronte in città. Si trova dietro la porta accanto al negozio di armi. Dopodiché, usa la chiave che Macil ti ha dato per andare a parlare al governatore.","町にいるフロントへの武器供給者であるイラールの元を訪ねる。
"Find the power tap on the mains, and shut it off. Bring something back to the Governor as proof.",TXT_ILOG1007,"MAP02: After accepting ""messy"" chore.",,,Najdi stáčedlo energie na síti a vypni jej. Přines guvernérovi něco zpět jako důkaz.,"Find elhanen på hovedledningen, og luk den. Tag noget med tilbage til guvernøren som bevis.",Finde die Energieanzapfung und schalte sie aus. Bringe dem Gouverneur irgend etwas als Beweis.,,"Trovu la konektilon en la elektriza sistemo, detruu ĝin kaj portu pruvon al la registo.","Encuentra la toma en la red eléctrica, destrúyela y tráele algo al gobernador como prueba.",,Etsi verkkovirran piilokytkentä ja katkaise se. Tuo kuvernöörille jotain todisteeksi.,Trouve la connection pirate sur le transformateur et enlève la. Amène quelque chose au gouverneur comme preuve.,,"Keresd meg a fővonalon az áramkapcsolót, és kapcsold ki. Hozz vissza valamit a kormányzótól bizonyítékként.","Trova il marchingegno che sta venendo usato per rubare energia alla rete, e distruggilo. Porta dei resti al governatore come prova.","電力盗用の場所を見つけ、それを止める。
"Find Derwin in the warehouse of the power station. Kill him, and bring Mourel his ear.",TXT_ILOG1008,"MAP02: After accepting ""bloody"" chore.",,,Najdi Derwina ve skladu elektrárny. Zabij ho a přines Mourelovi jeho ucho.,"Find Derwin i lageret på kraftværket. Dræb ham, og giv Mourel hans øre.",Finde Derwin im Lagerhaus des Kraftwerks. Töte ihn und bringe Mourel sein Ohr.,,Trovu Derwin-on en la magazeno (Warehouse) de la centralo (Power Station). Mortigu lin kaj portu lian orelon al Mourel.,Encuentra a Derwin en el almacén (Warehouse) de la central eléctrica (Power Station). Mátalo y llévale su oreja a Mourel.,,"Etsi Derwin voimalaitoksen varastolta. Tapa hänet, ja tuo Mourelille hänen korvansa.","Trouve Derwin dans l'entrepôt de la centrale électrique. Tue-le, et amène son oreille à Mourel.",,"Keresd meg Derwint az erőmű raktárjában. öld meg, és vidd vissza Mourelnek a fülét.","Trova Derwin nel magazzino della centrale energetica. Uccidilo, e porta il suo orecchio a Mourel.","発電所の倉庫にいるダーウィンを見つける。
"Use the pass Mourel gave you to get into the prison. Once inside, talk to Warden Montag. Find a way to free the prisoners.",TXT_ILOG1009,MAP03: After completing Mourel's chore.,,,"Použij propustku od Mourela pro vstup do vězení. Uvnitř si promluv s dozorčím Montagem. Najdi způsob, jak vysvobodit vězně.","Brug det adgangskort, som Mourel gav dig, til at komme ind i fængslet. Når du er inde, skal du tale med direktør Montag. Find en måde at befri fangerne på.","Benutze den Pass, den Mourel dir gegeben hat um in das Gefängnis hereinzukommen. Wenn du drin bist, rede mit Direktor Montag. Finde einen Weg um die Gefangenen zu befreien.",,"Uzu la ernipermeson de Mourel por iri en la malliberejon (Prison) de Norwall. Enirinte, parolu al la provoso Montag. Trovu manieron liberigi la kaptitojn.","Usa el pase que te dio Mourel para entrar en la prisión de Norwall. Una vez dentro, habla con el carcelero Montag. Encuentra una forma de liberar a los prisioneros.","Usa el pase que te dio Mourel para entrar a la prisión de Norwall. Una vez adentro, habla con el carcelero Montag. Encuentra una forma de liberar a los prisioneros.",Käytä Mourelin antamaa pääsylupaa päästäksesi vankilaan. Päästyäsi sisälle puhu vankilanjohtaja Montagin kanssa. Keksi keino vapauttaa vangit.,"Utilise le passe que Mourel t'a donné pour entrer dans la prison. Une fois à l'intérieur, parle au gardien Montag. Trouve un moyen de libérer les prisonniers.",,"Használd a Mourel által adott belépőt, hogy bejuss a börtönbe. Ha bent vagy, beszélj Montag börtön igazgatóval. Találd meg a módját, hogy kiszabadítsd a rabokat.","Usa il tesserino che Mourel ti ha dato per entrare nella prigione. Una volta dentro, parla con il direttore Montag. Trova un modo per liberare i prigionieri.","モーレルからもらった刑務所の許可証を使って入る。
Use the Warden's key to get into the prison cell blocks and find a way to free the prisoners.,TXT_ILOG1010,MAP05,,,"Použij dozorčího klíč k dostání se do vězeňského bloku s celami a najdi způsob, jak vysvobodit vězně.",Brug fængselsdirektørens nøgle til at komme ind i fængselscelleblokkene og find en måde at befri fangerne på.,"Benutze den Schlüssel des Direktors um in die Zellenblöcke zu kommen und finde heraus, wie man die Gefangenen befreien kann.",,Uzu la ŝlosilon de la provoso por atingi la ĉelaron kaj trovu manieron liberigi la kaptitojn.,Usa la llave del carcelero para llegar a la galería y encuentra una forma de liberar a los prisioneros.,,Käytä vankilanjohtajan avainta päästäksesi vankilan selliosastoille ja keksi keino vapauttaa vangit.,Utilisé la clé du Gardien pour entrer dans les blocs de cellules et trouve un moyen de libérer les prisonners.,,"Használd a börtön igazgató kulcsát, hogy bejuss a cella blokkba, és szabadítsd ki a foglyokat.",Usa la chiave del direttore per entrare nella sezione delle celle e trovare un modo per liberare i prigionieri.,ワーデンから鍵を奪って内部に入れ。,"간수장의 열쇠를 써서 감옥 안으로 진입하고, 수감자들을 풀어줄 방법을 찾아봐.",Gebruik de sleutel van de bewaker om in de celblokken van de gevangenis te komen en een manier te vinden om de gevangenen te bevrijden.,Bruk fengselsdirektørens nøkkel for å komme deg inn i fengselsblokkene og finn en måte å befri fangene på.,"Użyj klucza naczelnika, aby dostać się do bloków więziennych i znajdź sposób na uwolnienie więźniów.",Use a chave do Carcereiro para entrar nos blocos de celas e ache uma maneira de libertar os prisioneiros.,,Folosește cheia pe care ți-a dat-o Guvernatorul și găsește o cale să eliberezi prizonierii.,"Используй ключ тюремщика, чтобы пройти к камерам, и найди способ освободить пленников.",,Använd fängelsedirektörens nyckel för att ta dig in i fängelsets cellblock och hitta ett sätt att befria fångarna.,Hapishane hücre bloklarına girmek için Müdürün anahtarını kullanın ve mahkûmları serbest bırakmanın bir yolunu bulun.
"Destroy the power crystal that runs the power grid which drives the Order's shields. Go visit Worner, a spy we recruited in the warehouse of the power station. Don't forget to visit the medic and the weapons trainer before you go.",TXT_ILOG1011,MAP03: After accepting Macil's second mission.,,,"Znič energetický krystal, který napájí elektrickou síť, kterou jsou poháněné štíty Řádu. Jdi navštívit Wornera, špióna, kterého jsme najali ve skladu elektrárny. Nezapomeň navštívit zdravotníka a učitele střelby, než půjdeš.","Ødelæg energikrystallen, der driver det strømnet, som driver Ordenens skjolde. Besøg Worner, en spion, som vi rekrutterede i lageret på kraftværket. Glem ikke at besøge lægen og våbentræneren, før du går.","Zerstöre den Energiekristall der die Energieversorgung für die Kraftschilde kontrolliert. Suche Worner auf, einen Spion, den wir im Lagerhaus des Kraftwerks rekrutiert haben. Vergiß nicht, den Sanitäter und den Waffentrainer aufzusuchen, bevor du gehst.",,"Parolu kun la kuracisto kaj la armila trejnisto. Renkontu nian spionon Worner en la magazeno (Warehouse) de la centralo (Power Station). Detruu la energian kristalon, kiu impulsas la elektrizan sistemon, kiu tenas la ŝildon de la kastelo.","Ve con el médico y el entrenador de armas. Busca a Worner, un espía nuestro, en el almacén (Warehouse) de la central eléctrica (Power Station). Destruye el cristal de poder que impulsa la red eléctrica que mantiene los escudos del castillo.",,"Tuhoa kaupungin sähköverkon voimanlähteenä toimiva voimakristalli, jonka voimaa Veljeskunnan kilvet käyttävät. Mene tapaamaan Worneria, vakoojaa, jonka värväsimme voimalaitoksen varastolta. Älä unohda vierailla lääkintämiehen ja asekouluttajan luona, ennen kuin lähdet.","Détruis le cristal qui alimente la grille énergétique des boucliers de l'Ordre. Va voir Worner, un espion que nous avons recruté dans l'entrepôt de la centrale éléctrique. N'oublie pas d'aller voir le maître d'armes et le médecin avant d'y aller.",,"Semmisítsd meg az erő kristályt, ami a Rend külső védőpajzsát hajtja az elektromos hálózaton keresztül. Keresd fel az erőműtől betoborzott kémünket, Wornert. Ne felejtsd el meglátogatni a szanitécet és a fegyvermestert mielőtt nekiindulsz.","Distruggi il cristallo che fornisce energia agli scudi dell'Ordine. Trova Worner, una spia che abbiamo reclutato nel magazzino della centrale energetica. Non scordarti di passare dal medico e dall'addestratore di armi prima di andare.","送電網を動かしているパワークリスタルを破壊してオーダーのシールドを止める。 
Destroy the power crystal that runs the power grid which drives the Order's shields. Use the I.D. to get into the power station. You may want to check out the storeroom above Worner.,TXT_ILOG1012,MAP04: After talking to Worner.,,,"Znič energetický krystal, který napájí elektrickou síť, kterou jsou poháněné štíty Řádu. Použij získanou legitimaci pro přístup do elektrárny. Možná by stálo za to podívat se do skladištní místnosti nad Wornerem.","Ødelæg energikrystallen, der driver det kraftnet, som driver Ordenens skjolde. Brug identifikationskortet til at komme ind i kraftværket. Du kan tjekke lagerrummet over Worner.",Zerstöre den Energiekristall der die Energieversorgung für die Kraftschilde kontrolliert. Benutze die Identitätskarte. um in das Kraftwerk zu gelangen. Du solltest den Abstellraum beim Lagerhaus mal inspizieren.,,"Uzu la identigilon por eniri la centralon. Detruu la energian kristalon, kiu impulsas la elektrizan sistemon, kiu tenas la ŝildon de la kastelo. Vi eble volos esplori la deponejon en la magazeno (Warehouse).",Usa la identificación para entrar en la central eléctrica. Destruye el cristal de poder que impulsa la red eléctrica que mantiene los escudos del castillo. Quizás quieras revisar el cuarto de almacenamiento en el almacén (Warehouse).,Usa la identificación para entrar a la central eléctrica. Destruye el cristal de poder que impulsa la red eléctrica que mantiene los escudos del castillo. Quizás quieras revisar el cuarto de almacenamiento en el almacén (Warehouse).,"Tuhoa kaupungin sähköverkon voimanlähteenä toimiva voimakristalli, jonka voimaa Veljeskunnan kilvet käyttävät. Käytä henkilötunnistetta päästäksesi voimalaitokselle. Saatat haluta vilkaista varastohuonetta Wornerin yläpuolella.",Détruis le cristal qui alimente la grille énergétique des boucliers de l'Ordre. Utilise la carte d'identité pour entrer dans la centrale. Il faudrait que tu aille voir la salle de stockage au dessus de Worner.,,"Semmisítsd meg az erő kristályt, ami a Rend külső védőpajzsát hajtja az elektromos hálózaton keresztül. Használd az igazolványt, hogy bejuss az erőműbe. Jobban jársz, ha benézel a Worner fölötti tárolószobába.",Distruggi il cristallo che fornisce energia agli scudi dell'Ordine. Usa il tesserino d'identificazione per entrare nella centrale energetica. Ti conviene controllare il deposito che si trova sopra Worner.,"送電網を動かしているパワークリスタルを破壊してオーダーのシールドを止める。 
Destroy the power crystal that runs the power grid which drives the Order's shields. Go talk to Ketrick in the core area.,TXT_ILOG1013,"MAP04: After talking to ""Mr. Crispy"".",,,"Znič energetický krystal, který napájí elektrickou síť, kterou jsou poháněné štíty Řádu. Jdi za Ketrickem u jádra.","Ødelæg kraftkrystallen, der driver det kraftnet, som driver Ordenens skjolde. Gå hen og tal med Ketrick i kerneområdet.","Zerstöre den Energiekristall der die Energieversorgung für die Kraftschilde kontrolliert. Suche Worner auf, einen Spion, den wir im Lagerhaus des Kraftwerks rekrutiert haben. Vergiß nicht, den Sanitäter und den Waffentrainer aufzusuchen, bevor du gehst.",,"Iru al Ketrick en la kerno. Detruu la energian kristalon, kiu impulsas la elektrizan sistemon, kiu tenas la ŝildon de la kastelo.",Busca a Ketrick en el área del núcleo. Destruye el cristal de poder que impulsa la red eléctrica que mantiene los escudos del castillo.,,"Tuhoa kaupungin sähköverkon voimanlähteenä toimiva voimakristalli, jonka voimaa Veljeskunnan kilvet käyttävät. Puhu Ketrickin kanssa reaktorisydämen alueella.",Détruis le cristal qui alimente la grille énergétique des boucliers de l'Ordre. Va parler à Ketrick dans la zone du cœur.,,"Semmisítsd meg az erő kristályt, ami a Rend külső védőpajzsát hajtja az elektromos hálózaton keresztül. Megleled Ketricket a mag térségben.",Distruggi il cristallo che fornisce energia agli scudi dell'Ordine. Vai a parlare con Ketrick nell'area del nucleo.,"送電網を動かしているパワークリスタルを破壊してオーダーのシールドを止める。 
"Destroy the power crystal. Go talk to Ketrick, bring the walkway up using the switches, then use this id for the elevator.",TXT_ILOG1014,MAP04: After talking to Sammis.,,,"Znič energetický krystal, který napájí elektrickou síť, kterou jsou poháněné štíty Řádu. Jdi si promluvit s Ketrickem, vyzvedni schodiště pomocí tlačítek a pak ve výtahu použij tuhle kartu.","Ødelæg kraftkrystallen. Gå hen og tal med Ketrick, bring gangbroen op ved hjælp af kontakterne, og brug derefter dette id til elevatoren.",Zerstöre den Energiekristall der die Energieversorgung für die Kraftschilde kontrolliert. Gehe zu Ketrick im Reaktorkern.,,Levu la ponton per la ŝaltiloj antaŭ Sammis kaj tiam ekagigu la lifton per lia identigilo. Iru al Ketrick kaj detruu la energian kristalon.,Usa los interruptores frente a Sammis para alzar la pasarela y luego su identificación con el ascensor. Busca a Ketrick y destruye el cristal de poder.,,Tuhoa voimakristalli. Mene puhumaan Ketrickin kanssa. Tuo kulkusilta vivuilla ylös ja sitten käytä tätä tunnistetta hissiin.,"Détruis le cristal. Va parler à Ketrick. Fais monter la coursive en utilisant les boutons, puis utilise ta carte d'identité pour accéder à l'ascenseur.",,"Semmisítsd meg az erő kristályt. Menj és beszélj Kedrickkel, a kapcsolóval emeld meg a hidat, aztán használd az igazolványt a lifthez.","Distruggi il cristallo. Parla con Ketrick, fai alzare la passerella con i pulsanti, e poi usa questo tesserino per l'ascensore.","パワークリスタルを破壊してオーダーのシールドを止める。 
Dock Worker,TXT_SPEAKER_DOCK_WORKER,This is a compound word. Some languages express this in one word.,,,Přístavní dělník,Dokarbejder,Dockarbeiter,,Stivisto,Estibador,,Ahtaaja,Docker,,Dokk munkás,Stivatore,港湾労働者,항구 일꾼,Dokwerker,Havnearbeider,Pracownik Doku,Estivador,,Muncitor Docuri,Рабочий дока,,Hamnarbetare,Liman İşçisi
Irale,TXT_SPEAKER_IRALE,,,,,,,,Iralo,,,,,,,,イラール,이롤리,,,,,,,Ирэйл,,,İrale
